Id,FirstName,LastName,Email,PhoneNumber
1,Thomas,Shelby,tshelby@pk.com,92009000,Thomas Shelby
2,Arthur,Shelby,ashelby@pk.com,92009100,Arthur Shelby
3,John,Shelby,jshelby@pk.com,92009300,John Shelby
4,Harry,Potter,potter@hogwarts.com,90009000,Harry Potter
5,Ron,Weasley,weasley@hogwarts.com,90009100,Ron Weasley
6,Hermione,Granger,granger@hogwarts.com,90009300,Hermione Granger
7,Tony,Stark,tony@avengers.com,10001000,Tony Stark
8,Steve,Rogers,steve@avengers.com,10002000,Steve Rogers
9,Natasha,Romanoff,natasha@avengers.com,10003000,Natasha Romanoff
10,Scarlet,Witch,scarlet@avengers.com,10004000,Scarlet Witch
11,Peter,Parker,peter@avengers.com,10005000,Peter Parker
12,Clark,Kent,kent@jl.com,20001000,Clark Kent
13,Bruce,Wayne,wayne@jl.com,20002000,Bruce Wayne
14,Barry,Allen,allen@jl.com,20003000,Barry Allen
15,Hawk,Girl,hawkgirl@jl.com,20004000,Hawk Girl
16,Jim,Halpert,jim@office.com,50001000,Jim Halpert
17,Dwight,Schrute,dwight@office.com,50002000,Dwight Schrute